"Throughput for different bands",
"2.4Ghz","5Ghz","Combined-2","Dual",
45.93387,167.48692,213.42079,169.00617
145.23156,128.71492,273.94648,179.92017
